{
    "values": [
        -1.7741140416994572,
        2.63190183834541
    ],
    "errors": [
        0.014627212746350166,
        0.02527033924539884
    ],
    "covar": [
        [
            0.00021395535272698875,
            -0.00035902034214148234
        ],
        [
            -0.00035902034214148234,
            0.0006385900455775447
        ]
    ]
}