{
    "modes": [
        {
            "index": 0,
            "strictly local log-evidence": -206.0611145585001,
            "strictly local log-evidence error": 0.18451939190740865,
            "local log-evidence": -206.0611145585001,
            "local log-evidence error": 0.18451939190740865,
            "mean": [
                -1.5426147726175112,
                2.2822270898198567,
                2.3307921010803274
            ],
            "sigma": [
                0.013959965234663821,
                0.018137172463994943,
                0.01903866488925771
            ],
            "maximum": [
                -1.542600353594411,
                2.279491266177191,
                2.331134070680127
            ],
            "maximum a posterior": [
                -1.542600353594411,
                2.279491266177191,
                2.331134070680127
            ]
        }
    ],
    "nested sampling global log-evidence": -206.27399466241613,
    "nested sampling global log-evidence error": 0.20083216471364265,
    "global evidence": -206.0611145585001,
    "global evidence error": 0.18451939190740865,
    "nested importance sampling global log-evidence": -206.0611145585001,
    "nested importance sampling global log-evidence error": 0.18451939190740865,
    "marginals": [
        {
            "median": -1.542437586148614,
            "sigma": 0.01430636111556527,
            "1sigma": [
                -1.556987038725302,
                -1.5283743164941714
            ],
            "2sigma": [
                -1.5692205614851897,
                -1.515947544828233
            ],
            "3sigma": [
                -1.583490480836857,
                -1.5014349441346648
            ],
            "5sigma": [
                -1.6092406832003725,
                -1.4731959580921337
            ],
            "q75%": -1.5331381509106468,
            "q25%": -1.552040850574816,
            "q99%": -1.5106029916551247,
            "q01%": -1.5761987101477672,
            "q90%": -1.5244159797114305,
            "q10%": -1.5606827441008193
        },
        {
            "median": 2.281924105930438,
            "sigma": 0.018259911774398452,
            "1sigma": [
                2.2636265969740132,
                2.30014642052281
            ],
            "2sigma": [
                2.2490972977204655,
                2.319444560402427
            ],
            "3sigma": [
                2.2340126156397293,
                2.3369204484446082
            ],
            "5sigma": [
                2.202150293137912,
                2.3873067990099157
            ],
            "q75%": 2.294161641757724,
            "q25%": 2.2699344348771993,
            "q99%": 2.326122273061231,
            "q01%": 2.2425189699042876,
            "q90%": 2.3062414200965895,
            "q10%": 2.258289316946234
        },
        {
            "median": 2.3310963485143397,
            "sigma": 0.019334624454046212,
            "1sigma": [
                2.311428795319049,
                2.3500980442271415
            ],
            "2sigma": [
                2.294699769176881,
                2.3666803127826412
            ],
            "3sigma": [
                2.273942672569428,
                2.3864073782542525
            ],
            "5sigma": [
                2.236909564543074,
                2.4200569865760957
            ],
            "q75%": 2.3436867393702023,
            "q25%": 2.3175326326851446,
            "q99%": 2.3762586322643937,
            "q01%": 2.2846552867705876,
            "q90%": 2.3555183690504293,
            "q10%": 2.3064185977467626
        }
    ]
}